-1.1971593;1.0379107;0.9168888;-4.109102;-7.8036833;0.6185144;1.5274;-1.075233;-11.729708;-5.35991;4.727965;-1.7692227;4.9754915;-11.902874;-8.420424;-3.949654;-3.3858588;-6.876184;-1.2125702;-5.9293413;-5.851774;-11.698327;-15.945511;-6.3352633;-2.5499947;-3.4197173;-3.5080647;0.24915493;-0.25089544;2.7653766;-1.997691;-0.3998012;-1.7976774;-2.3548305;3.3814118;7.1944304;0.025842011;2.905011;1.3936933;1.8321228;4.165589;-2.9775743;-3.2608888;-5.7837653;0.6381666;0.8549026;2.559558;1.4173565;0.31696564;13.338834;-8.03576;-5.6151123;-7.7167997;-0.831985;-2.5914524;0.71391356;-2.0832713;-2.9587343;-1.0153601;-4.433587;1.4574896;-2.4470506;-7.5246553;-1.4995341;-2.96873;1.2634134;0.37932324;-4.8924594;-2.846073;-5.7859297;-4.219779;-1.7225883;1.403294;0.24092144;-5.384018;6.39948;-10.162815;-3.2140548;-8.850844;2.8953295;
5.1513987;-6.3214564;-5.7673845;-8.167371;-13.198839;-6.427951;-4.587813;-6.285131;-16.089317;-9.353125;-2.728862;-4.48229;-0.21050349;-14.668299;-6.9333696;-6.7856474;-7.5530643;-10.205656;-6.679832;-7.910039;-9.440239;-14.804445;-15.476232;-6.7996607;-10.241041;-9.395505;-11.467176;-6.0530453;-4.441027;-1.3589993;-6.358919;-5.9246855;-5.0612626;-7.4740067;-1.7188104;0.3526082;-4.596079;-2.6205065;-4.769043;-3.5233402;-1.8709617;-6.8163815;-7.544347;-10.274793;-5.8647766;-2.7781742;-1.675159;-4.6717496;-3.1846077;5.3003216;-14.332878;-10.233412;-11.816921;-2.0496566;-4.8512135;-0.12748408;-3.6258073;-1.7068508;-3.2376356;-7.274588;1.6254089;-2.6497002;-10.872076;-4.9869614;-5.038466;-1.8218575;0.22249836;-3.27632;-3.7480705;-8.2716255;-4.3929777;-3.139276;-0.3074566;-0.9309899;-6.797974;2.7845461;-9.19282;-3.9475417;-12.95191;11.07814;
4.635203;-7.6314936;-6.6216846;-11.650845;-15.976708;-6.8601804;-5.135787;-7.0702224;-18.557487;-10.62824;-3.0997953;-5.4412766;-2.0024261;-12.714003;-8.41272;-8.733309;-8.846899;-10.681601;-7.341502;-9.874459;-10.851056;-17.797361;-19.662163;-7.03146;-13.52202;-12.245096;-14.338991;-6.015645;-5.903124;-1.555707;-7.416288;-6.588078;-7.7777624;-9.985705;-2.0311909;2.083906;-5.594133;-2.1638536;-4.2192;-4.0857854;-1.6783619;-8.302054;-8.406739;-10.697405;-4.8036366;-4.14301;-3.639988;-3.2570121;-3.668424;7.146678;-15.702198;-12.463581;-14.529699;-3.580594;-4.785755;-0.1201458;-5.5812893;-1.9029462;-3.5955565;-8.833077;-1.0452708;-3.9749444;-12.074911;-6.3262787;-4.267165;-2.1842241;-0.49261558;-4.46566;-4.2829423;-11.472321;-5.3050895;-4.6972156;0.23033962;-3.0078921;-7.5927315;0.91622066;-12.37388;-6.3323116;-14.470802;15.487192;
3.067041;-7.5835896;-6.312051;-12.692203;-15.289822;-6.586814;-5.444734;-5.3118787;-19.070358;-11.761003;-2.4086852;-4.7023773;-1.111645;-10.553449;-6.5758705;-9.102753;-7.466484;-8.330578;-8.420831;-8.875351;-10.64284;-15.239822;-17.34385;-6.078264;-12.794315;-10.09148;-14.18399;-4.0207877;-4.593768;-0.55052376;-5.568939;-5.2000146;-6.596109;-8.46201;-2.0479565;2.7278965;-3.967226;-1.0535574;-1.9728508;-4.0628138;0.19708872;-5.4558926;-7.265648;-10.190505;-4.08782;-3.1682634;-3.40353;-3.8894005;-3.151595;6.443832;-14.237597;-10.665412;-11.293154;-2.30808;-4.8381214;-1.3881854;-5.0982785;-2.5732164;-4.543528;-8.231909;-0.22347808;-3.5280204;-10.5137825;-7.8411903;-4.078289;-2.692319;0.15149109;-2.4955823;-5.155614;-14.526941;-5.6922436;-3.4595513;-0.7221137;-3.2320833;-8.319693;0.22580671;-11.556692;-5.4938264;-12.532053;13.514225;
3.0430899;-8.226825;-6.2070723;-11.361765;-13.497317;-5.908529;-6.8878303;-4.6532226;-18.187;-12.199976;-0.9188545;-4.4545617;0.049241066;-8.725623;-5.582478;-8.651436;-8.245375;-9.560597;-7.230787;-10.86042;-10.335529;-16.971512;-15.865362;-6.3149743;-13.762223;-8.870861;-16.29281;-3.990575;-3.3475857;0.21566534;-3.42066;-2.5573432;-6.6956406;-6.1022234;0.72877336;2.7063835;-4.7373657;2.0048645;2.015645;-2.0198398;5.5712996;-2.323787;-7.2315793;-10.405743;-2.5664263;-3.7188978;-3.492193;-2.2084823;0.7295835;9.5686245;-10.410928;-8.397049;-9.43836;-2.3646443;-2.794385;-4.714128;-5.2943516;-3.9760056;-6.0896664;-7.656743;3.4612794;-5.1485596;-12.61466;-4.276152;-3.4605145;-4.6246557;1.8551326;-2.1411319;-4.8963823;-15.197481;-7.8735075;-5.8897047;-2.5466876;-1.6105735;-5.463913;3.1304867;-11.17462;-4.5878325;-12.808338;12.856105;
-0.1554203;-8.303329;-4.453665;-9.833698;-11.832043;-4.0328784;-7.90499;-4.295789;-13.978418;-9.522781;0.37664485;-2.412499;2.9085047;-9.172698;-5.23009;-8.597899;-7.6768494;-7.414779;-6.901634;-10.084915;-11.046551;-15.969044;-12.055943;-4.582574;-12.785864;-8.731637;-13.78533;-3.4282882;-1.7807639;-1.4547198;-3.095014;-1.9572049;-7.4536767;-5.947481;1.8769076;2.860581;-4.5793934;3.4796424;3.0135283;0.68365693;8.916566;-0.9726279;-6.461507;-10.527271;-0.81483746;-3.7402391;-4.4982305;0.024068117;4.457901;9.672664;-5.620782;-5.471085;-6.545122;-2.620671;-2.6081295;-7.234584;-4.688841;-3.7907867;-7.070443;-7.297532;1.5496416;-2.709906;-12.775185;-5.509671;-5.367956;-4.9123707;1.1910241;-2.6734033;-4.195234;-15.391256;-5.044168;-5.0575924;-5.1691875;-0.08376852;-2.200213;3.541946;-7.3938627;-2.2846222;-9.405623;11.964699;
-1.6007451;-8.1685295;-4.9037504;-10.843215;-13.341398;-5.602441;-9.925079;-4.1811457;-13.791782;-8.641758;-1.5633645;-3.3196418;2.1796312;-11.388385;-5.812862;-8.435541;-8.830055;-5.1339426;-7.2126474;-9.460258;-13.049482;-14.157124;-12.037481;-5.046017;-13.388419;-11.9011135;-12.342295;-0.3200704;-2.0543237;-2.084828;-4.2649136;-1.3831004;-7.2381783;-5.7889338;1.8621123;1.7165232;-2.155995;1.4151797;0.6166098;1.2022314;7.559289;-1.2101576;-3.678142;-11.866309;-0.37185717;-0.20779586;-3.7374964;-1.1670222;5.2365284;5.5348597;-5.528711;-4.722874;-7.1320148;-2.109952;-3.5700085;-7.546724;-3.356198;-3.8541093;-5.220971;-5.574553;-0.7244501;-2.9291363;-13.338976;-7.431181;-5.3090005;-4.724736;-1.4838021;-2.6236987;-3.2255464;-13.548452;-4.2706904;-2.905253;-3.7036855;-0.5408356;-1.725385;0.09671092;-8.90988;-2.2603836;-9.376812;11.275049;
-0.5510379;-7.319849;-6.8529487;-12.007011;-15.864068;-7.7239957;-8.383664;-6.9841957;-12.708704;-8.096732;-4.0623107;-1.686731;-0.33263314;-8.641626;-3.61248;-6.208886;-7.657403;-4.3562465;-5.687365;-7.867093;-13.140975;-11.070767;-11.287079;-6.2739334;-14.003111;-14.548534;-10.938129;-3.0481327;-2.6434107;-3.296025;-4.6430473;-2.218737;-6.524663;-8.274956;0.46843433;-0.5795276;-2.7037768;-0.5175743;-2.715162;0.6016121;4.200165;-2.3360155;-1.6989295;-11.528309;-0.031442642;-1.4304571;-1.9066377;0.737977;7.2149987;1.085793;-6.480565;-1.424365;-5.754442;-1.2503155;-5.049109;-7.9473767;-1.769109;-2.1455617;-3.48381;-5.1584525;-1.1127812;-2.8326926;-10.452873;-4.8299446;-2.9204807;-2.4454737;-1.624527;-3.216597;-3.313312;-11.957964;-1.5810039;-3.6967096;-2.392864;-1.1903008;-1.169044;-2.5249968;-10.109831;-0.92226434;-6.3887544;10.618019;
0.40596777;-8.718648;-8.234163;-11.160885;-18.171684;-8.49371;-8.970281;-11.434954;-13.350612;-7.557906;-6.7496142;-1.6282198;-1.8619083;-9.041312;-4.4075546;-5.5282445;-7.250722;-5.5351877;-5.187488;-8.226985;-13.876129;-10.543631;-13.155758;-6.2353945;-15.392172;-18.825216;-11.218395;-3.9757495;-4.192316;-1.5083287;-7.032594;-1.1126133;-6.5903616;-7.361148;-1.8450806;-0.5725913;-3.4118197;-2.6846223;-3.5040402;-3.0869303;-1.3684659;-3.4040666;-1.12285;-9.276117;-0.5165212;-1.0248659;-1.9958665;0.6264653;4.0450315;-0.8747618;-9.020894;-3.5346818;-5.2510076;-1.6735156;-7.5351753;-6.0382533;-1.1265138;-0.5968611;-3.8660576;-5.2671094;0.004239917;-1.9573579;-10.208141;-6.2313013;-3.3568022;-0.15057041;-2.6273592;-4.064305;-3.4976993;-9.434235;-2.4289947;-5.1646676;-3.4811897;-1.6168936;-5.629702;-4.3346696;-10.645094;-1.6557238;-10.279517;13.905998;
1.0584728;-12.586255;-7.2927265;-9.760748;-16.395752;-8.291037;-10.919283;-13.062988;-11.1839485;-8.039717;-6.364371;-0.14570546;-2.329019;-10.405975;-7.6561933;-6.762489;-9.522291;-9.121046;-5.8225684;-8.424478;-13.191355;-11.7624655;-11.086456;-9.379629;-15.374632;-17.482227;-14.504203;0.4892156;0.14112091;-0.093253136;-7.988709;8.863894;-3.1396236;-4.6046815;0.5186753;0.7078402;-6.602197;-3.470612;-2.9838023;-5.331796;-2.3972287;-0.31097484;-0.51776695;-6.6310287;0.5828948;-1.1212263;-0.65179133;0.019594193;0.47490716;-0.2410171;-13.310094;-6.3872895;-6.3548107;-0.32902098;-5.761096;-8.57117;-3.1941314;1.1554084;-3.2591722;-7.0171475;2.1510086;0.14402556;-10.320929;-6.4981985;-4.3459845;-0.3867091;-4.608219;-3.1435292;-4.7043905;-10.070917;-4.660598;-8.103632;-3.4408271;-3.2039452;-9.680879;-3.648149;-13.099482;-5.273515;-14.815937;15.427433;
-2.0877435;-10.515867;-6.736763;-5.631386;-8.856364;-13.214538;-5.5059304;-6.6522474;-10.991793;-3.9742231;-5.915785;-2.4427075;-3.8240442;-11.492617;-5.8775206;-5.245737;-1.8116059;-5.441183;-4.5313177;-3.8409598;-8.239819;-9.169592;-4.138137;-4.1462097;-11.117183;-13.483701;-9.66216;5.2464786;6.532342;6.8138995;-6.0200214;20.365578;3.4612565;-0.028563857;1.345309;5.616827;-4.725849;-2.1058404;1.2445999;-5.286171;-0.56943333;3.0586429;1.9292462;-4.095768;6.1197286;3.8951023;0.7377354;1.0229095;-0.152717;-0.087552786;-12.1326275;-7.8309326;-2.2416143;3.59623;-7.2142735;-2.9692357;-8.523703;7.727227;1.1927269;-4.065101;-0.5253923;-0.71976376;-12.489142;-3.0028138;-5.0151405;-2.824947;-6.496547;-0.8176739;-3.460898;-9.2792225;-3.6442513;-4.5162134;-1.3998483;-3.2362607;-10.621866;-2.5105958;-12.30279;-6.6482763;-6.8949213;4.232536;
2.4717202;-12.862286;-8.221046;-6.206348;-13.045496;-13.186459;-11.912268;-8.313585;-10.627301;-8.926084;-6.301792;1.1654148;-3.9778295;-18.790085;-9.126269;-8.586404;-4.3527794;-7.2866106;-9.232174;-6.962092;-11.269116;-11.105718;-9.10192;-6.71888;-11.973456;-14.562649;-12.297195;2.1704595;3.0684521;2.756572;-6.233316;14.850918;0.7238035;-1.2935737;-1.5052817;1.5243812;-7.798001;-3.7759492;-0.56590533;-5.9122014;-4.8044195;-0.8372221;-0.4755031;-6.073743;0.734992;2.3587215;-2.1284838;-2.1145627;-4.382923;-1.6331139;-9.653699;-8.787954;-3.97499;1.1851313;-6.6481323;-5.482644;-7.5291944;2.648562;-0.9123313;-3.9023442;-4.854336;-2.5531616;-10.283764;-5.72034;-6.219173;-5.16578;-6.916746;-5.4372997;-7.4679546;-12.09794;-3.179643;-3.4024725;-2.9163234;-6.857123;-10.365648;-7.8941736;-10.215789;-8.533713;-5.824274;13.40593;
5.0388513;-11.10638;-6.798854;-8.374604;-12.312058;-9.440655;-13.472219;-7.1980133;-8.704292;-9.320157;-4.5362043;2.1263654;-0.77035093;-16.69442;-11.177391;-8.092444;-5.4136553;-7.3750315;-8.408281;-7.63329;-12.083569;-9.929004;-10.260246;-6.939313;-11.117606;-12.639453;-10.983074;1.1723044;0.8140521;1.0397999;-3.39285;8.594131;-2.7770977;0.7689483;-1.811109;0.03930998;-3.2251413;-4.6365805;1.8945034;-2.465908;-3.8669782;-1.419364;-2.2756114;-4.084939;-0.31099385;2.3808174;-0.8286712;-0.4387548;-4.239269;-0.50282025;-8.057792;-5.6574564;-4.1941442;-1.687808;-5.188204;-8.419678;-4.488533;-2.8969617;-1.7302282;-2.0694041;-5.9016;-5.0325074;-6.4981575;-9.017577;-4.4936066;-6.216393;-7.019918;-5.8925447;-5.8804097;-11.216951;-3.82876;-2.8278494;-2.8903089;-8.058071;-10.565346;-8.094221;-9.822517;-6.9428425;-5.7556434;16.590738;
5.2908754;-9.565759;-5.494027;-11.332683;-12.3557;-8.49544;-10.77349;-6.7250814;-9.177986;-8.366919;-3.3977718;0.23125386;0.99317205;-14.30263;-9.648428;-8.228274;-6.3239436;-6.8123617;-5.4717045;-10.068288;-12.261663;-12.98042;-12.515367;-6.790983;-11.054591;-11.31438;-8.85498;-0.5675105;1.3214114;2.4495137;-1.1416819;4.327204;-5.3354406;0.9013129;-0.06994259;1.7862685;-1.8981632;-3.8914905;3.7079508;-0.19047904;-0.29762658;-0.3561556;-3.798939;-3.703701;0.6447584;-0.14047611;-2.0955384;3.972588;-1.6623186;1.7667717;-8.213303;-1.632261;-3.0925734;-3.0668013;-6.448173;-6.4236627;-4.1658;-2.4167671;-3.7415886;-0.27850127;-4.429736;-5.7522674;-6.854354;-8.576536;-3.8687062;-6.2685094;-5.1008043;-5.8788157;-4.7657037;-10.978672;-5.9317913;-3.726143;-4.229029;-5.493685;-7.7651024;-5.9448786;-9.390217;-3.9166324;-7.105095;15.908939;
-1.4167324;-1.1582614;-3.4368973;-10.267595;-5.168793;-6.702112;-3.8658278;-1.6484728;-12.456902;-4.4999356;1.665643;-0.7195741;0.067557335;-9.477447;-7.6802926;-0.816309;-2.1634123;-10.728867;-1.0984442;-8.771948;-8.478008;-14.80868;-9.820496;-7.3151684;-10.692757;-6.748595;-3.0093153;3.4178386;4.202452;7.1880283;2.2646563;4.3671455;-4.406799;4.8771524;4.5697618;8.69284;-1.1181128;6.1017313;16.10401;3.067123;8.753553;0.25956446;-1.1597829;-2.3732367;8.895133;1.5514903;-3.381685;7.006828;4.5245743;8.550596;0.07833612;0.7831459;3.2912948;-4.6737323;-2.1316729;-1.3778415;-7.26987;-2.0642066;-3.7617855;-1.1355757;0.07504755;-5.8195934;-5.84803;-2.468196;1.399666;-2.050822;1.0530248;-8.305384;-2.6344054;-12.7692995;-2.2594848;-2.8606157;-3.2935257;-3.1482937;-1.9797139;1.3681005;-6.4416347;-2.9411507;-3.4954433;1.5719414;
3.7752714;-9.271942;-6.571248;-11.67058;-10.028363;-6.9545593;-10.97011;-5.224369;-9.938785;-9.762241;-1.5297563;0.32692814;-1.3243749;-14.159725;-9.273741;-6.1268053;-7.203965;-12.080721;-7.1247673;-12.399593;-13.0429;-17.691042;-14.038348;-10.7702;-13.660898;-10.502374;-11.520261;1.5441161;-0.62994957;1.5868936;-0.41317344;3.8454642;-8.361405;1.5148697;0.3714583;2.9445753;-4.380362;2.2901206;10.360377;1.0851835;1.2561839;-1.931648;-5.2123184;-6.357298;2.8213732;-2.0009627;-3.7428517;1.5723383;-2.5510144;4.747081;-4.220467;-1.2729958;-0.042048454;-6.4138336;-0.7969972;-4.53389;-7.7990994;-3.6018946;-7.4799423;-1.8678577;-3.5465984;-4.021702;-5.789468;-5.580567;-2.560728;-2.9944134;-1.5469694;-7.0279875;-4.167431;-11.670059;-4.3255224;-6.0267367;-5.637445;-3.7185893;-7.1929092;0.25021031;-6.534525;-4.879813;-5.291307;13.883795;
5.1968575;-10.882643;-5.670413;-10.214645;-8.906669;-4.923732;-8.610419;-5.8216653;-7.897419;-8.141001;-0.979182;2.3533528;-1.2215717;-15.449841;-8.502622;-7.9272957;-8.141073;-11.395168;-7.3776746;-11.387002;-11.587587;-16.147503;-12.287834;-11.168901;-12.188446;-11.30213;-12.509168;1.105945;-2.0279071;2.803422;-0.03534329;5.295396;-6.4098225;2.6517167;-1.3048102;1.6642433;-2.6605384;-0.15042686;5.713019;-1.5940295;-1.2212522;1.8143752;-4.881535;-4.2053013;2.2816305;-1.2545917;-1.4637153;-1.8263338;-4.485753;2.4485002;-7.2587185;-1.4278489;-2.748542;-5.30987;-0.65603995;-5.07267;-4.8145647;-2.2194815;-5.843995;-0.04896921;-5.9489584;-5.0447855;-7.4304976;-6.905031;-2.257103;-4.6250935;-3.5923967;-3.9322414;-4.7405157;-8.574196;-4.328574;-6.0809455;-5.7594852;-7.688121;-11.529644;-4.8887653;-10.649448;-7.0768285;-7.749745;16.26346;
6.2332063;-12.475104;-6.044998;-12.258528;-9.767683;-2.5904086;-6.651519;-8.446202;-11.394077;-8.20173;-0.8789711;-0.18113208;-0.60027814;-17.45396;-7.3870068;-9.103653;-9.156194;-12.836233;-8.464263;-11.411324;-10.981182;-17.991821;-13.401548;-12.313038;-12.973581;-11.6226225;-13.22016;1.0522684;-2.2169793;6.8483453;1.7265155;5.2907286;-4.999952;4.6732445;-1.9186833;1.9582938;-3.8574972;1.456099;5.0575776;-2.196293;0.21986824;5.0172377;-3.5352108;-1.7914469;4.385351;0.9715042;-0.86297905;0.077224255;-3.520474;2.8881874;-6.592565;-2.3618567;-2.2458541;-5.309843;-2.1267881;-0.660331;-3.236383;-1.7725761;-6.9989204;-0.09311345;-7.112026;-5.287856;-9.04971;-7.6645737;-2.371665;-8.102745;-5.071809;-3.3021126;-5.162351;-9.8008585;-3.8543031;-5.025749;-7.196981;-9.050217;-10.581263;-7.357792;-11.680357;-7.784424;-6.924142;16.795835;
-0.5388931;-7.9574614;-6.391591;-10.739786;-8.5713625;-2.71448;0.41901672;-4.9083896;-18.3383;-4.847277;-1.5100383;-2.9076993;-1.760104;-17.271666;-0.4202903;-9.609537;-5.5024004;-12.636192;-6.168252;-7.9382076;-6.5439386;-17.774193;-11.321701;-9.192598;-8.467534;-9.561129;-9.96792;3.1760895;-0.8884897;16.925434;5.8350782;10.0723095;-0.6673391;10.738549;-0.7353478;4.795583;-2.3455098;1.0386918;8.215499;0.34363747;0.541315;10.8021555;1.4503441;3.1300287;6.469126;7.2970014;1.5340035;4.858026;-2.1133058;3.9875188;-5.2354774;-0.76853955;1.9320722;-3.2357624;-4.2058697;8.907028;-0.15424156;1.8715973;-5.5498247;2.2540374;-4.821726;-5.137244;-10.233519;-5.7538366;-0.9650351;-5.980194;-5.3312774;-0.2199274;-5.188908;-7.4445076;-3.412266;-2.895226;-6.372054;-5.815284;-8.8436575;-4.404498;-12.074843;-5.508531;-3.6833503;6.122612;
2.9925108;-8.23287;-5.1127415;-8.1014385;-11.974216;-1.4134464;-1.7912769;-5.309576;-16.273972;-7.307829;0.3075323;1.7431443;0.8423565;-20.34938;-6.184079;-11.887054;-9.077932;-14.75852;-9.00108;-13.5137825;-10.32402;-17.372337;-13.918585;-12.396448;-9.244282;-11.128021;-11.777762;2.0318089;-3.0169587;10.409299;3.2078223;6.459958;-1.8773649;6.7305574;-2.247493;1.2088467;-3.246305;-2.0791857;3.9607213;-1.1339921;-4.4091797;7.104489;0.6100569;1.5339007;3.5439563;3.7308254;0.3730938;1.2013372;-4.516199;0.15266252;-4.5060472;-2.6879282;-0.77210164;-4.4572554;-7.828183;3.16144;0.67909634;1.2178612;-6.5604067;1.6397434;-5.9516306;-6.45064;-8.15782;-7.7780156;-2.48734;-6.8700724;-6.390719;-3.385994;-5.7980437;-6.894718;-5.264508;-6.4354844;-7.6774597;-7.478239;-10.303929;-5.6182814;-11.407559;-5.00962;-5.850346;13.839924;
2.6747308;-10.580448;-5.2661;-8.127945;-10.593128;1.0442514;-5.9237947;-5.750685;-14.415853;-10.706405;-0.22576475;0.9907417;0.6970067;-19.327856;-7.1647615;-11.808245;-9.217743;-13.5143795;-11.901825;-14.609577;-11.564486;-15.3101425;-12.769405;-12.128231;-11.057691;-9.6562605;-13.618614;0.704826;-1.3579097;6.138882;5.7226686;4.4284096;-3.1346574;4.2806854;-1.4345081;0.616547;-1.1640252;-4.9616723;4.2192388;-2.1653347;-3.0482597;6.7121196;-0.51002955;2.9125092;3.3509874;2.645832;1.3691953;0.51293194;-4.8819;-0.44364288;-9.605764;-0.12939048;-1.2135749;-4.0866647;-6.4867435;-1.2474432;1.7938884;-1.8243409;-6.5369463;-0.60221267;-2.9687283;-5.64958;-5.9543557;-11.362841;-1.5924053;-8.145601;-7.4906874;-4.0726438;-5.5914288;-7.5290756;-4.4674134;-6.482856;-7.23241;-8.834755;-9.916658;-7.335268;-12.149935;-5.054345;-6.8632374;17.026255;
-3.9252477;-14.072151;-6.031353;-10.2765255;-9.26878;-0.82951176;-4.3103747;-1.5768017;-19.436588;-9.341978;-0.6770366;-4.6521826;-3.6252131;-23.496029;1.7438836;-12.323033;-8.8216095;-10.926216;-10.834154;-13.764643;-11.981464;-15.932863;-11.448302;-6.018342;-12.01297;-6.7559814;-13.651678;6.7053466;-0.622851;9.095825;9.694109;6.852957;-3.9813843;5.711498;2.9494162;5.5191317;-0.32902133;-8.6891775;1.7281146;-0.63263655;1.795538;17.401903;-0.7314975;5.358632;4.571106;4.2922993;0.3940479;5.984479;-2.1038928;2.120174;-10.0259695;1.7578334;-1.8465422;2.7948036;-6.159005;-0.7954636;2.6518013;1.0728009;-5.960844;0.20798056;-1.2851784;-4.499276;-11.018843;-12.976086;-4.2402916;-6.5615444;-6.7507596;5.2842536;-5.5092106;-2.6527805;-6.2219124;-4.7260523;-6.575382;-4.9145164;-9.316929;-4.72389;-14.304927;-3.6019506;-7.3168283;7.295768;
1.5216384;-15.016662;-6.043087;-10.044628;-12.701798;-1.628645;-8.500404;-2.1120973;-16.3157;-9.376229;-1.5285339;-2.7461996;-3.7238426;-20.46593;-1.9565761;-13.280925;-10.177889;-12.1864605;-9.289775;-15.291489;-11.680336;-13.778564;-12.553246;-6.7559853;-13.140687;-8.962095;-13.866084;4.260703;-2.8213089;2.3074782;7.418177;1.6559274;-4.363957;0.17013377;-0.30749977;-1.614155;-3.6391332;-8.749777;-1.0603732;-0.48260283;-1.6133296;9.402664;-0.8316531;2.043383;0.602012;-2.4803443;0.5771794;1.4682128;-3.555801;0.24362493;-10.62084;-0.47705126;-4.6226954;-1.3204335;-6.4793324;-2.469861;2.6317098;-0.7643641;-6.349859;-1.3489912;-1.3519187;-6.379966;-10.695959;-10.145829;-2.6263351;-4.6217217;-5.8619504;-0.71920395;-6.2336555;-5.5594244;-7.7965927;-6.815056;-4.3016424;-7.607915;-6.3263006;-5.1884437;-15.748358;-5.422609;-7.273511;12.948057;
5.0237684;-12.411308;-6.2091913;-9.94506;-12.473573;-0.584085;-11.956362;-5.9040136;-8.417577;-10.858699;-1.3067336;2.1059024;-0.39667034;-16.596573;-8.935003;-12.25219;-11.520962;-12.66988;-8.1637945;-13.539495;-10.615783;-11.897878;-12.753518;-8.754219;-12.467176;-11.63839;-12.844985;2.5657158;-3.7719712;1.5389885;4.4465337;-0.8650345;-4.7578483;-1.1009692;0.5264436;-3.5338798;-1.4405656;-5.3748302;0.13232642;2.336187;-1.096223;3.540092;-0.9185881;1.1653061;-0.3448513;-1.2932347;1.2566776;1.244455;-5.037853;-0.7894406;-7.0793247;0.16197008;-1.5957971;-4.2625966;-6.4765778;-3.419353;1.8759114;-4.774511;-4.453003;-1.0854707;-2.80197;-7.307932;-9.390734;-7.7672024;-2.0153975;-1.4584192;-3.4081059;-5.894442;-5.1363697;-7.4268894;-5.6285152;-5.432892;-2.4273458;-6.1925645;-7.353586;-7.420816;-14.015378;-4.952836;-7.834234;16.161793;
3.5939107;-8.913616;-8.536014;-11.723341;-12.8863125;-2.314045;-12.400475;-3.118199;-10.543451;-12.262056;-2.7315166;-2.3348238;-2.118589;-14.751909;-7.202346;-11.874169;-10.246711;-13.415825;-7.848114;-13.623104;-12.791889;-12.827072;-13.359212;-8.990723;-11.533212;-11.020891;-9.107095;3.2408373;-2.317933;4.0639997;6.096853;0.59504616;-3.5158849;-2.1350543;1.7266777;-0.37580612;-0.020625353;-3.4984314;4.149718;9.051634;4.265088;1.954778;1.5839951;-1.143673;3.5460896;0.32156467;0.3349908;4.934045;-2.2286928;-0.41903844;-7.7572656;1.6232473;1.2264273;-5.3936415;-6.3247895;-5.2899218;-1.5679196;-5.5540786;-1.7419858;-2.5613148;-1.7441485;-8.037003;-9.244003;-4.8922067;-2.198892;2.159337;1.9200593;-5.1139784;-2.5360792;-6.318611;-3.6479602;-4.073225;-3.6346025;-1.9074085;-5.68148;-6.575631;-12.568808;-6.250886;-6.743273;11.874321;
2.0882852;-7.9877644;-7.8646154;-8.857229;-13.851002;-2.842076;-9.3011875;-1.2178152;-12.089853;-8.355614;-2.7636573;-4.658904;-2.7100816;-15.954271;-3.728851;-11.261423;-7.968816;-15.164381;-5.471134;-13.2984915;-14.811379;-10.112658;-17.282425;-5.4340763;-11.4887085;-9.934444;-3.82166;5.419265;-1.8442024;3.1825752;6.6986094;-2.8112564;-1.2704642;-4.4277167;4.215017;2.160704;2.0226655;-0.6582825;5.585332;14.031963;9.174291;1.9991262;5.1796155;-5.568371;5.410137;-0.16731834;1.3930657;8.015423;1.5486407;2.560093;-6.025268;3.3591182;2.2377985;-3.410671;-6.0866227;-6.198636;-4.549095;-6.8106093;-3.9337258;-6.178668;-0.4790281;-6.440544;-10.977996;-3.0496006;-2.9412818;7.091851;5.130405;-4.622137;-0.7468329;-3.8963788;-2.509879;-4.6934423;-4.143732;4.0347323;-4.2190666;-2.3856738;-13.669369;-5.1575594;-4.416687;5.863872;
2.7242904;-10.003653;-7.197023;-11.529334;-18.155025;-3.2964332;-13.061504;-6.725836;-13.728744;-12.682634;-2.9750652;-0.7748882;-2.1200976;-15.12114;-5.835762;-11.617616;-9.5603075;-13.21972;-6.3267903;-14.11455;-13.511606;-12.68205;-17.10918;-4.0454493;-13.792458;-13.818321;-7.6595783;1.0391155;-5.0856524;-3.0128622;1.4245244;-3.602723;-8.643069;-5.8165116;0.677227;1.2855575;-4.706234;-0.76824474;1.1197046;5.2426357;3.3466506;-2.4647129;-1.753777;-13.990938;-0.84121484;-5.8760033;-1.8374417;7.1690073;-0.6543218;0.62473625;-6.4886675;3.1715016;-0.5124855;-2.8765624;-5.9334264;-9.537846;-6.712005;-3.0248632;-9.75707;-4.7440615;-3.240181;-2.3279428;-12.405024;-5.468158;-4.4630356;0.27933013;1.9417534;-6.2980905;-6.593916;-10.730086;-7.1961546;-5.027647;-5.7156925;3.1442485;-4.832277;-5.018715;-14.276257;-1.6338358;-8.683102;14.589733;
2.463903;-9.032809;-5.508583;-9.203226;-13.237539;-0.55959797;-11.252406;-7.1401916;-9.985247;-8.7201805;-3.1721613;-0.29250517;-1.721535;-11.451338;-6.724784;-6.1882005;-8.350603;-9.213362;-7.290161;-11.258661;-10.054308;-9.371975;-11.249958;-1.6246858;-11.008863;-12.604163;-7.312716;3.1177955;-4.9315763;-4.559509;2.5197577;-2.4532447;-8.866803;-3.1917176;1.0817585;1.8950467;-3.2631629;-3.0405562;2.5631933;0.03776574;2.4282575;-2.389753;-3.4106915;-9.919588;-2.648104;-2.7966118;-0.46194553;1.6597775;-2.1339965;-0.36701682;-7.2246857;2.2134802;1.1857147;-1.3402579;-6.2653756;-10.238829;-2.7245224;-4.796734;-8.151573;-4.224613;-5.883158;-1.807922;-11.554898;-5.009008;-0.54086685;-3.3320088;-1.4250512;-8.263205;-7.9484262;-8.073066;-5.4523926;-3.4761238;-2.5223937;-1.3673707;-6.1718845;-5.836172;-13.436747;-2.884151;-6.1177697;15.767679;
2.4715242;-7.834895;-5.362631;-7.4691668;-8.595276;1.517286;-7.7589464;-5.0621834;-11.877556;-6.736147;-2.2451138;-1.2416508;-1.5469124;-8.020147;-7.7106333;-2.4766216;-5.159839;-6.3077707;-7.697158;-10.024701;-9.871892;-8.593286;-7.912402;-4.201145;-11.079926;-12.45545;-8.697124;2.036612;0.9171916;-2.7129714;2.8246684;0.14342225;-7.057694;-0.82965946;0.53046346;4.786586;0.5578642;-2.7707713;7.4030967;-2.7245846;3.6552596;-1.3923571;-2.1637287;-5.849766;0.03591788;-0.39220214;1.6750686;0.14992326;-0.31223536;0.5031887;-5.652232;2.3794723;1.9117891;-1.851274;-5.901889;-8.709288;-1.4304274;-4.1640325;-7.1135063;-3.5411878;-6.4661837;-2.1898732;-10.122372;-4.402688;0.91323566;-4.795668;-2.5240445;-8.4007;-8.698721;-10.877069;-3.766869;-2.3975317;-2.7126193;-3.5648558;-5.05737;-4.7196827;-14.729433;-1.8738785;-5.0219374;13.781517;
-2.7562988;-5.513135;-6.463137;-3.33542;-3.1035566;-2.2127373;-8.293684;-1.4836857;-10.76622;-7.8346815;-2.5605445;-3.188004;-3.3588016;-10.171191;-7.3516784;-3.3529081;-4.2798414;-2.8195982;-6.2903275;-1.4340657;-6.6948175;-3.3883188;-1.8725848;-2.648538;-6.473419;-11.21801;-5.1639614;3.2671008;6.2483673;-0.4612639;-0.031842947;11.600311;-0.24260587;2.499948;0.78304756;4.4946494;0.8436786;-4.540537;1.3247358;-0.29778576;0.56550586;-0.38807774;1.5096598;-5.3923974;2.8688107;4.489918;3.2554471;-0.51599944;-4.5499845;-1.1662261;-9.324093;1.1756794;2.248869;-0.7939234;-3.3184476;-5.25358;-3.10825;5.0209546;-1.9518403;0.04774812;-7.7860756;-2.3740797;-12.784052;-4.301767;-1.2606093;-2.3885212;-3.51824;-3.996411;-7.7011166;-9.110674;-1.9997435;0.90859205;0.24264395;-1.8156941;-5.9307632;-2.9275713;-17.690897;-3.5194268;-4.686999;4.3515434;
0.50773644;-8.75573;-6.9443417;-4.372834;-6.4759436;-2.5893245;-14.34099;-7.7046204;-12.091176;-14.812565;-5.6946526;-0.90108436;-4.4436865;-19.551537;-12.096166;-8.753566;-6.1014457;-3.974915;-10.503351;-8.277953;-12.530455;-8.694234;-7.303289;-7.605258;-8.676877;-15.922186;-6.790171;-2.105928;2.4362884;-5.3254137;-2.842259;7.1282425;-3.1791434;-0.5277141;-3.6387584;0.978709;-4.8105493;-9.489161;-4.403139;-5.0959387;-4.1188602;-7.483583;-3.8806133;-10.139709;-2.9444513;-0.10334203;-2.6464434;-6.74535;-11.096248;-3.3875635;-9.926172;-1.7492009;-2.4316998;0.07661104;-4.8825607;-5.706036;-2.4235477;6.049736;-4.800306;-0.7860447;-9.323018;-3.0370383;-14.262409;-6.3483124;-2.7118678;-5.2879753;-3.9615288;-5.5391717;-10.096679;-8.8476515;-2.734603;0.53441364;-0.93727016;-6.148397;-10.08383;-6.2379684;-14.442543;-6.6313515;-3.5960038;11.544121;
2.007412;-6.452158;-3.0423384;-6.381133;-6.9082556;1.0291677;-11.371846;-6.90543;-11.534244;-14.38529;-3.7137122;-0.9756471;-2.7730994;-17.943733;-9.15404;-6.1198773;-7.095299;-4.670539;-5.2760067;-7.164763;-10.748301;-9.7108135;-8.5898285;-6.7982993;-7.5112505;-11.973494;-5.9025617;-3.2165437;-2.3041809;-5.6155734;-0.75580764;1.7570384;-4.9180408;-1.2694424;-4.619507;1.3692994;-4.118182;-7.990328;-4.4298887;-4.677705;-5.382864;-4.2358365;-5.70603;-8.313802;-4.4137235;0.39113116;-3.2555597;-5.0423527;-7.59629;-2.4273582;-8.953205;-0.40545642;-5.222231;-1.1944036;-4.4609017;-6.0323696;0.22736704;1.4658937;-4.040821;-2.070805;-6.2096357;-2.769075;-12.247603;-6.064602;-1.8506114;-4.8854666;-2.3620083;-3.139341;-8.247598;-7.8169403;-1.5930784;1.3928875;-2.757745;-5.994267;-10.587108;-6.848362;-12.725639;-2.2570887;-4.235053;11.559624;
4.7556324;-5.0150933;-2.5723617;-8.586705;-8.788436;2.1699822;-9.723666;-6.202433;-13.967827;-12.536696;-1.7047248;-2.4034193;-3.4572525;-16.5587;-8.436122;-5.621366;-9.583639;-5.7122173;-4.8079743;-8.686907;-10.011038;-10.924641;-9.223295;-7.657841;-8.447526;-10.284582;-5.5650067;-2.1739438;-3.5218053;-5.9617066;0.92248225;-1.5439241;-5.50451;-2.4234002;-5.8633065;-0.34605005;-3.2452202;-8.044939;-4.29402;-4.038996;-4.4809637;-1.6106632;-5.367285;-7.366287;-3.3823237;-0.10866761;-3.9510489;-4.0075593;-6.47405;-3.9505603;-8.030661;-0.0515275;-7.97508;-2.8249147;-4.549589;-5.616396;2.2002196;-1.9719878;-2.1977842;-2.3052306;-4.587008;-2.8347418;-8.436085;-6.230723;-0.94861364;-4.6864905;-3.9376154;-2.5578046;-6.795004;-7.3816805;-0.6959791;1.0433289;-2.8682039;-4.605969;-9.940893;-7.260779;-11.632486;-1.8298638;-6.5839214;11.632061;
1.5018606;0.7902483;-1.5467893;-8.298277;-5.5784154;4.612382;-3.233967;-0.27135408;-12.737789;-9.393117;0.11115998;-2.6377122;-2.1550236;-9.405018;-6.254071;-1.4145651;-7.1455626;-4.6766014;-3.1876469;-7.7213235;-7.6631236;-6.6346626;-6.9771986;-6.9864206;-5.8299994;-4.0409718;-1.1710566;1.5480465;-1.1246506;-3.4876633;4.7185473;-1.7122766;-2.4181066;-1.7759376;-1.8143086;4.4294634;1.0626767;-2.7886388;0.5208869;-1.320272;0.74434227;-1.3653811;-2.5227625;-4.344876;-1.035225;1.9694272;-1.9337449;-3.3080904;-3.2826753;-2.0355291;-6.0456686;3.0910723;-4.9731894;-4.0646963;-4.3831396;-4.2617655;4.5477815;-4.085248;2.281703;-0.9037003;0.022840977;-3.6141975;-3.1285372;-3.8079515;-0.019432068;-3.8237596;-3.2088776;-4.414596;-3.97779;-4.720995;0.1433033;2.0638788;1.4173629;-5.127264;-6.5596323;-4.7258186;-7.0034637;-0.31660396;-4.5598907;4.8241043;
4.967747;-0.5535711;-4.1125946;-10.14422;-8.611541;3.3197098;-3.2031846;-2.5017338;-13.773395;-9.009421;-0.8344656;-1.6073012;-0.40505016;-10.428904;-7.794174;-3.8926191;-7.640644;-7.899905;-6.5412664;-9.187417;-9.049292;-8.267944;-9.246882;-8.505798;-7.5936213;-6.4069743;-4.013341;-3.9316187;-2.7535222;-3.8353786;1.8826557;-4.3761578;-4.18591;-4.5492406;-5.1113124;2.4468782;-1.7864518;-3.5541916;-1.5002704;-3.8507347;-2.4110024;-4.496049;-3.395658;-5.089099;-3.8571713;-0.47065282;-1.6885021;-5.159194;-2.7896228;-4.1468444;-10.341455;0.44426537;-7.770013;-5.015067;-5.291608;-3.119584;2.7882311;-5.3743587;0.8059205;-2.5650067;1.1661844;-3.0897589;-3.8712816;-4.979851;0.34997374;-4.7392106;-3.2284236;-5.821866;-5.8771057;-7.102455;-0.09018776;0.2759231;1.1955975;-4.2571955;-5.1186404;-5.42927;-7.637103;-0.26755652;-6.831319;9.576042;
0.8444519;1.0966165;0.57344353;-5.8951893;-7.0205245;3.7636619;-2.4530797;-0.4402808;-10.333117;-10.803174;3.9270942;0.6555137;4.013809;-10.663023;-6.498059;-5.483009;-5.1198535;-6.4363904;-6.1930437;-6.309493;-7.4284205;-7.9191895;-8.248466;-8.01448;-0.90340436;-1.1032553;-1.8527672;-3.7490077;-5.22035;-4.3188157;-2.4225154;-4.1792393;-3.9134023;-6.2170525;-5.5368385;2.40386;-5.20205;-5.7656355;-3.8791459;-3.9895606;-4.8812346;-4.452835;-4.74239;-8.275913;-6.4307685;-2.463001;-2.1986566;-6.5921917;-6.399432;-7.0276527;-12.212094;-3.513855;-9.194824;-2.652515;-4.3732758;-3.8162003;-1.577673;-2.8400538;-0.071348846;-1.6071274;0.32038093;-2.6889277;-5.352667;-5.4890065;-1.5400653;-2.824861;-1.7201716;-3.172512;-4.5752773;-7.7352123;-3.0213718;1.2657099;0.5177206;-3.8170662;-7.0988607;-4.9537606;-9.27062;-0.095133305;-8.2204895;10.654974;
